,Branch Number,Branch Street Address Street Address1,Branch City Name,Branch State Code,Branch Postal Code Postal Code,Branch Close Date ID,Fulladdress,Latitude,Longitude,is_closed_branch
1,366,901 N STATE RD. 19,PALATKA,FL,32177,6/28/1998,901 N STATE RD. 19 PALATKA FL 32177,29.605307,-81.711871,1
2,695,11901 HIGHWAY 401 SOUTH,LAURINBURG,NC,28352,7/17/1998,11901 HIGHWAY 401 SOUTH LAURINBURG NC 28352,34.796492,-79.444828,1
3,526,1345 OLD GEORGETOWN ROAD,MOUNT PLEASANT,SC,29464,12/8/1998,1345 OLD GEORGETOWN ROAD MOUNT PLEASANT SC 29464,32.8113,-79.851135,1
4,696,224 Kings Road Shelby,SHELBY,NC,28152,11/1/1999,224 Kings Road Shelby NC 28152,35.279323,-81.493713,1
5,529,6945 OAKRIDGE PARKWAY,AUSTELL,GA,30168,12/3/1999,6945 OAKRIDGE PARKWAY AUSTELL GA 30168,33.786477,-84.606441,1
6,325,7982 BAYMEADOWS WAY,JACKSONVILLE,FL,32256,1/1/2000,7982 BAYMEADOWS WAY JACKSONVILLE FL 32256,30.229063,-81.582802,1
7,333,7210 GARDNER STREET,WINTER PARK,FL,32789,1/1/2000,7210 GARDNER STREET WINTER PARK FL 32789,28.587278,-81.293233,1
8,359,7892 BAYMEADOWS WAY,JACKSONVILLE,FL,32256,1/1/2000,7892 BAYMEADOWS WAY JACKSONVILLE FL 32256,30.227087,-81.580944,1
9,423,1521 EAST 9TH,HOPKINSVILLE,KY,42240,1/1/2000,1521 EAST 9TH HOPKINSVILLE KY 42240,36.8546,-87.476333,1
10,523,"1770 CORPORATE DR., SUITE 560",NORCROSS,GA,30093,1/1/2000,"1770 CORPORATE DR., SUITE 560 NORCROSS GA 30093",33.575029,-83.93392,1
11,537,NEW LOCATION - OPENING SOON,MYRTLE BEACH,SC,29572,1/1/2000,NEW LOCATION - OPENING SOON MYRTLE BEACH SC 29572,34.331711,-79.437651,1
12,689,4511 HILLSBOROUGH RD,DURHAM,NC,27705,1/1/2000,4511 HILLSBOROUGH RD DURHAM NC 27705,36.033312,-78.973825,1
13,464,2800-B2 BOB WALLACE AVE.,HUNTSVILLE,AL,35805,1/4/2002,2800-B2 BOB WALLACE AVE. HUNTSVILLE AL 35805,34.711323,-86.603056,1
14,251,ICE DESIGN,KNOXVILLE,TN,37917,10/12/2002,ICE DESIGN KNOXVILLE TN 37917,36.11136,-83.927613,1
15,256,ICE DESIGN,COLUMBIA,SC,29223,10/12/2002,ICE DESIGN COLUMBIA SC 29223,34.099488,-80.924638,1
16,254,ICE DESIGN,JACKSONVILLE,FL,32204,4/12/2003,ICE DESIGN JACKSONVILLE FL 32204,30.32453,-81.726303,1
17,731,BAKER DISTRIBUTING COMPANY,ORANGE,TX,77632,6/26/2003,BAKER DISTRIBUTING COMPANY ORANGE TX 77632,30.862463,-93.764516,1
18,878,BAKER DISTRIBUTING COMPANY,BRENHAM,TX,77833,10/24/2003,BAKER DISTRIBUTING COMPANY BRENHAM TX 77833,30.149783,-96.386825,1
19,864,BAKER DISTRIBUTING COMPANY,SAN ANTONIO,TX,78216,10/25/2003,BAKER DISTRIBUTING COMPANY SAN ANTONIO TX 78216,29.482664,-98.391781,1
20,863,BAKER DISTRIBUTING COMPANY,PASADENA,TX,77506,11/25/2003,BAKER DISTRIBUTING COMPANY PASADENA TX 77506,30.041845,-94.739841,1
21,888,BAKER DISTRIBUTING COMPANY,AMARILLO,TX,79101,12/17/2003,BAKER DISTRIBUTING COMPANY AMARILLO TX 79101,35.183053,-101.782562,1
22,462,1782 BEAUMONT DRIVE,BATON ROUGE,LA,70806,12/21/2004,1782 BEAUMONT DRIVE BATON ROUGE LA 70806,30.466588,-91.108961,1
23,691,CLOSED,WINSTON SALEM,NC,27101,1/1/2005,CLOSED WINSTON SALEM NC 27101,36.094291,-80.239032,1
24,395,14610 BREAKERS DRIVE,JACKSONVILLE,FL,32258,4/30/2005,14610 BREAKERS DRIVE JACKSONVILLE FL 32258,30.156591,-81.560415,1
25,705,709 MIDDLEGROUND BLVD.,NEWPORT NEWS,VA,23606,8/20/2005,709 MIDDLEGROUND BLVD. NEWPORT NEWS VA 23606,37.090263,-76.479579,1
26,16,14610 BREAKERS DRIVE,JACKSONVILLE,FL,32258,10/1/2005,14610 BREAKERS DRIVE JACKSONVILLE FL 32258,30.156591,-81.560415,1
27,756,5128 BROADWAY STREET,GALVESTON,TX,77551,3/4/2006,5128 BROADWAY STREET GALVESTON TX 77551,29.291652,-94.824379,1
28,252,"8110 ANDERSON ROAD, SUITE 106",TAMPA,FL,33634,12/30/2006,"8110 ANDERSON ROAD, SUITE 106 TAMPA FL 33634",28.025462,-82.537572,1
29,445,3912 1ST AVE. & 100 39TH ST.,BIRMINGHAM,AL,35222,5/11/2007,3912 1ST AVE. & 100 39TH ST. BIRMINGHAM AL 35222,33.526855-86.779590,,1
30,253,ICE DESIGN,FORT MYERS,FL,33912,8/18/2007,ICE DESIGN FORT MYERS FL 33912,26.722789,-81.908603,1
31,398,2351 BUTTON GWINNETT DRIVE,ATLANTA,GA,30340,9/6/2007,2351 BUTTON GWINNETT DRIVE ATLANTA GA 30340,33.915295,-84.23861,1
32,552,NEW LOCATION - OPENING SOON,SUMMERVILLE,SC,29483,9/19/2007,NEW LOCATION - OPENING SOON SUMMERVILLE SC 29483,33.013407,-80.20398,1
33,258,3203 LONGHORN BOULEVARD,AUSTIN,TX,78758,10/11/2007,3203 LONGHORN BOULEVARD AUSTIN TX 78758,30.382697,-97.730353,1
34,861,5425 RENWICK DR.,HOUSTON,TX,77081,10/11/2007,5425 RENWICK DR. HOUSTON TX 77081,29.722841,-95.484607,1
35,569,C/O ALL WEATHER,JONESBORO,GA,30238,11/1/2007,C/O ALL WEATHER JONESBORO GA 30238,32.906146,-84.322783,1
36,261,5301 REPUBLIC DRIVE,MEMPHIS,TN,38118,1/1/2008,5301 REPUBLIC DRIVE MEMPHIS TN 38118,35.001379,-89.879745,1
37,714,106 COZZY CIRCLE LOT 7,VICTORIA,TX,77901,1/8/2008,106 COZZY CIRCLE LOT 7 VICTORIA TX 77901,28.831796,-97.00134,1
38,372,1734 5TH STREET WEST,BRADENTON,FL,34205,1/10/2008,1734 5TH STREET WEST BRADENTON FL 34205,27.48409,-82.567168,1
39,750,2500 NORTH FREEWAY,HOUSTON,TX,77009,1/25/2008,2500 NORTH FREEWAY HOUSTON TX 77009,29.797478,-95.371932,1
40,266,215 E. FRANKLIN ST.,TUPELO,MS,38804,2/26/2008,215 E. FRANKLIN ST. TUPELO MS 38804,34.261659,-88.700477,1
41,482,225 WEST ST. BERNARD HIGHWAY,CHALMETTE,LA,70043,3/12/2008,225 WEST ST. BERNARD HIGHWAY CHALMETTE LA 70043,29.937793,-89.967457,1
42,255,ICE DESIGN CENTER,ORLANDO,FL,32804,4/5/2008,ICE DESIGN CENTER ORLANDO FL 32804,28.479843,-81.397381,1
43,704,327 TAZEWELL AVENUE SE,ROANOKE,VA,24013,4/25/2008,327 TAZEWELL AVENUE SE ROANOKE VA 24013,37.270465,-79.935443,1
44,656,5103 WHEELER AVENUE,FORT SMITH,AR,72901,10/14/2008,5103 WHEELER AVENUE FORT SMITH AR 72901,35.335518,-94.427176,1
45,267,701 COMMERCE ST.,JACKSON,MS,39201,10/24/2008,701 COMMERCE ST. JACKSON MS 39201,32.291348,-90.180608,1
46,701,212 INDUSTRIAL BLVD.,AUSTIN,TX,78745,12/20/2008,212 INDUSTRIAL BLVD. AUSTIN TX 78745,30.219472,-97.763787,1
47,418,351 N. 17TH STREET,LAS CRUCES,NM,88005,2/28/2009,351 N. 17TH STREET LAS CRUCES NM 88005,32.305109,-106.80384,1
48,264,5210 STADIUM BLVD.,JONESBORO,AR,72404,4/11/2009,5210 STADIUM BLVD. JONESBORO AR 72404,35.749549,-90.692245,1
49,297,2600 E. UNIVERSITY,DENTON,TX,76209,12/1/2009,2600 E. UNIVERSITY DENTON TX 76209,33.234094,-97.096247,1
50,916,225 WEST ST. BERNARD HIGHWAY,CHALMETTE,LA,70043,12/2/2009,225 WEST ST. BERNARD HIGHWAY CHALMETTE LA 70043,29.937793,-89.967457,1
51,407,4660 PINE TIMBERS,HOUSTON,TX,77041,1/1/2010,4660 PINE TIMBERS HOUSTON TX 77041,29.838034,-95.514155,1
52,263,301 AIRWAYS BLVD,JACKSON,TN,38301,3/10/2010,301 AIRWAYS BLVD JACKSON TN 38301,35.61666,-88.832352,1
53,409,4104 ALLENBROOK,BAYTOWN,TX,77521,5/29/2010,4104 ALLENBROOK BAYTOWN TX 77521,29.766919,-94.971729,1
54,869,611 NORTH 19TH STREET,MONROE,LA,71201,10/30/2010,611 NORTH 19TH STREET MONROE LA 71201,32.516581,-92.104737,1
55,265,4519 OLD LAMAR AVENUE,MEMPHIS,TN,38118,4/1/2012,4519 OLD LAMAR AVENUE MEMPHIS TN 38118,35.040511,-89.912671,1
56,216,16601 CENTRAL GREENE BLVD.,HOUSTON,TX,77032,1/12/2015,16601 CENTRAL GREENE BLVD. HOUSTON TX 77032,29.815641,-95.47954,1
57,665,4810 C SO. TOPEKA,TOPEKA,KS,66609,7/13/2015,4810 C SO. TOPEKA TOPEKA KS 66609,38.980271,-95.68786,1
58,238,1360 QUALITY DR,NORMAN,OK,73071,8/31/2015,1360 QUALITY DR NORMAN OK 73071,35.216352,-97.417516,1
59,671,10460 SHADY TRAIL,DALLAS,TX,75220,9/14/2015,10460 SHADY TRAIL DALLAS TX 75220,32.865789,-96.890418,1
60,158,6321 EMPEROR DRIVE STE 202,ORLANDO,FL,32809,12/15/2015,6321 EMPEROR DRIVE STE 202 ORLANDO FL 32809,28.466577,-81.411902,1
61,685,420-3 WHITE ST,JACKSONVILLE,NC,28546,1/15/2016,420-3 WHITE ST JACKSONVILLE NC 28546,34.760018,-77.384405,1
62,162,7956 NW 14TH ST,MIAMI,FL,33126,5/16/2016,7956 NW 14TH ST MIAMI FL 33126,25.786192,-80.327964,1
63,684,409 AIRPORT BLVD,MORRISVILLE,NC,27560,9/9/2016,409 AIRPORT BLVD MORRISVILLE NC 27560,35.840718,-78.83052,1
64,708,8711 RITCHIE DR,CAPITOL HEIGHTS,MD,20743,10/14/2016,8711 RITCHIE DR CAPITOL HEIGHTS MD 20743,38.877967,-76.857994,1
65,1,14610 BREAKERS DR,JACKSONVILLE,FL,32258,12/31/9999,14610 BREAKERS DR JACKSONVILLE FL 32258,30.156591,-81.560415,0
66,2,14610 BREAKERS DRIVE,JACKSONVILLE,FL,32258,12/31/9999,14610 BREAKERS DRIVE JACKSONVILLE FL 32258,30.156591,-81.560415,0
67,3,14610 BREAKERS DRIVE,JACKSONVILLE,FL,32258,12/31/9999,14610 BREAKERS DRIVE JACKSONVILLE FL 32258,30.156591,-81.560415,0
68,4,14610 BREAKERS DRIVE,JACKSONVILLE,FL,32258,12/31/9999,14610 BREAKERS DRIVE JACKSONVILLE FL 32258,30.156591,-81.560415,0
69,5,14610 BREAKERS DRIVE,JACKSONVILLE,FL,32258,12/31/9999,14610 BREAKERS DRIVE JACKSONVILLE FL 32258,30.156591,-81.560415,0
70,6,14610 BREAKERS DRIVE,JACKSONVILLE,FL,32258,12/31/9999,14610 BREAKERS DRIVE JACKSONVILLE FL 32258,30.156591,-81.560415,0
71,7,14610 BREAKERS DRIVE,JACKSONVILLE,FL,32258,12/31/9999,14610 BREAKERS DRIVE JACKSONVILLE FL 32258,30.156591,-81.560415,0
72,8,14610 BREAKERS DRIVE,JACKSONVILLE,FL,32258,12/31/9999,14610 BREAKERS DRIVE JACKSONVILLE FL 32258,30.156591,-81.560415,0
73,9,14610 BREAKERS DRIVE,JACKSONVILLE,FL,32258,12/31/9999,14610 BREAKERS DRIVE JACKSONVILLE FL 32258,30.156591,-81.560415,0
74,10,14610 BREAKERS DRIVE,JACKSONVILLE,FL,32258,12/31/9999,14610 BREAKERS DRIVE JACKSONVILLE FL 32258,30.156591,-81.560415,0
75,11,14610 BREAKERS DRIVE,JACKSONVILLE,FL,32258,12/31/9999,14610 BREAKERS DRIVE JACKSONVILLE FL 32258,30.156591,-81.560415,0
76,12,14610 BREAKERS DRIVE,JACKSONVILLE,FL,32258,12/31/9999,14610 BREAKERS DRIVE JACKSONVILLE FL 32258,30.156591,-81.560415,0
77,13,14610 BREAKERS DRIVE,JACKSONVILLE,FL,32258,12/31/9999,14610 BREAKERS DRIVE JACKSONVILLE FL 32258,30.156591,-81.560415,0
78,14,14610 BREAKERS DRIVE,JACKSONVILLE,FL,32258,12/31/9999,14610 BREAKERS DRIVE JACKSONVILLE FL 32258,30.156591,-81.560415,0
79,15,14610 BREAKERS DRIVE,JACKSONVILLE,FL,32258,12/31/9999,14610 BREAKERS DRIVE JACKSONVILLE FL 32258,30.156591,-81.560415,0
80,20,14610 BREAKERS DR,JACKSONVILLE,FL,32258,12/31/9999,14610 BREAKERS DR JACKSONVILLE FL 32258,30.156591,-81.560415,0
81,21,14610 BREAKERS DRIVE,JACKSONVILLE,FL,32258,12/31/9999,14610 BREAKERS DRIVE JACKSONVILLE FL 32258,30.156591,-81.560415,0
82,22,14610 BREAKERS DRIVE,JACKSONVILLE,FL,32258,12/31/9999,14610 BREAKERS DRIVE JACKSONVILLE FL 32258,30.156591,-81.560415,0
83,23,14610 BREAKERS DRIVE,JACKSONVILLE,FL,32258,12/31/9999,14610 BREAKERS DRIVE JACKSONVILLE FL 32258,30.156591,-81.560415,0
84,24,1313 S BRIGGS AVE,DURHAM,NC,27703,12/31/9999,1313 S BRIGGS AVE DURHAM NC 27703,35.973643,-78.876138,0
85,25,3955 W. SUNSET BLVD,THE LAKES,NV,88901,12/31/9999,3955 W. SUNSET BLVD THE LAKES NV 88901,36.322484,-114.819717,0
86,26,14610 BREAKERS DRIVE,JACKSONVILLE,FL,32218,12/31/9999,14610 BREAKERS DRIVE JACKSONVILLE FL 32218,30.47548,-81.67602,0
87,27,2904 S ANGUS AVE,FRESNO,CA,93725,12/31/9999,2904 S ANGUS AVE FRESNO CA 93725,36.696399,-119.776542,0
88,28,16601 CENTRAL GREEN BLVD,HOUSTON,TX,77032,12/31/9999,16601 CENTRAL GREEN BLVD HOUSTON TX 77032,29.815641,-95.47954,0
89,30,14610 BREAKERS DRIVE,JACKSONVILLE,FL,32258,12/31/9999,14610 BREAKERS DRIVE JACKSONVILLE FL 32258,30.156591,-81.560415,0
90,31,14610 BREAKERS DR,JACKSONVILLE,FL,32258,12/31/9999,14610 BREAKERS DR JACKSONVILLE FL 32258,30.156591,-81.560415,0
91,32,14610 BREAKERS DR,JACKSONVILLE,FL,32258,12/31/9999,14610 BREAKERS DR JACKSONVILLE FL 32258,30.156591,-81.560415,0
92,33,14610 BREAKERS DR,JACKSONVILLE,FL,32258,12/31/9999,14610 BREAKERS DR JACKSONVILLE FL 32258,30.156591,-81.560415,0
93,34,14610 BREAKERS DR,JACKSONVILLE,FL,32258,12/31/9999,14610 BREAKERS DR JACKSONVILLE FL 32258,30.156591,-81.560415,0
94,35,14610 BREAKERS DR,JACKSONVILLE,FL,32258,12/31/9999,14610 BREAKERS DR JACKSONVILLE FL 32258,30.156591,-81.560415,0
95,36,14610 BREAKERS DR,JACKSONVILLE,FL,32258,12/31/9999,14610 BREAKERS DR JACKSONVILLE FL 32258,30.156591,-81.560415,0
96,37,14610 BREAKERS DR,JACKSONVILLE,FL,32258,12/31/9999,14610 BREAKERS DR JACKSONVILLE FL 32258,30.156591,-81.560415,0
97,70,14610 BREAKERS DR,JACKSONVILLE,FL,32258,12/31/9999,14610 BREAKERS DR JACKSONVILLE FL 32258,30.156591,-81.560415,0
98,71,101-A KAHN INDUSTRIAL CT.,SAVANNAH,GA,31405,12/31/9999,101-A KAHN INDUSTRIAL CT. SAVANNAH GA 31405,32.046723,-81.146852,0
99,72,1235 WICKER DR,RALEIGH,NC,27604,12/31/9999,1235 WICKER DR RALEIGH NC 27604,35.809912,-78.61871,0
100,73,14900 HEMPSTEAD WAY,HOUSTON,TX,77040,12/31/9999,14900 HEMPSTEAD WAY HOUSTON TX 77040,29.866657,-95.55125,0
101,74,10460 SHADY TRL,DALLAS,TX,75220,12/31/9999,10460 SHADY TRL DALLAS TX 75220,32.865789,-96.890418,0
102,75,300 WEST ROBLES AVE STE J,SANTA ROSA,CA,95407,12/31/9999,300 WEST ROBLES AVE STE J SANTA ROSA CA 95407,38.394427,-122.720643,0
103,76,2030 NW 7TH ST,OKLAHOMA CITY,OK,73106,12/31/9999,2030 NW 7TH ST OKLAHOMA CITY OK 73106,35.475752,-97.546163,0
104,86,14610 BREAKERS DRIVE,JACKSONVILLE,FL,32258,12/31/9999,14610 BREAKERS DRIVE JACKSONVILLE FL 32258,30.156591,-81.560415,0
105,88,14610 BREAKERS DRIVE,JACKSONVILLE,FL,32258,12/31/9999,14610 BREAKERS DRIVE JACKSONVILLE FL 32258,30.156591,-81.560415,0
106,100,14610 BREAKERS DRIVE,JACKSONVILLE,FL,32258,12/31/9999,14610 BREAKERS DRIVE JACKSONVILLE FL 32258,30.156591,-81.560415,0
107,101,14610 BREAKERS DRIVE,JACKSONVILLE,FL,32258,12/31/9999,14610 BREAKERS DRIVE JACKSONVILLE FL 32258,30.156591,-81.560415,0
108,102,101-A KAHN INDUSTIAL,SAVANNAH,GA,31405,12/31/9999,101-A KAHN INDUSTIAL SAVANNAH GA 31405,32.046723,-81.146852,0
109,103,1235 WICKER DR,RALEIGH,NC,27604,12/31/9999,1235 WICKER DR RALEIGH NC 27604,35.809912,-78.61871,0
110,104,14900 HEMPSTEAD WAY,HOUSTON,TX,77040,12/31/9999,14900 HEMPSTEAD WAY HOUSTON TX 77040,29.866657,-95.55125,0
111,105,10460 SHADY TRAIL,DALLAS,TX,75220,12/31/9999,10460 SHADY TRAIL DALLAS TX 75220,32.865789,-96.890418,0
112,106,300 WEST ROBLES AVE STE J,SANTA ROSA,CA,95407,12/31/9999,300 WEST ROBLES AVE STE J SANTA ROSA CA 95407,38.394427,-122.720643,0
113,107,2030 NW 7TH STREET,OKLAHOMA CITY,OK,73106,12/31/9999,2030 NW 7TH STREET OKLAHOMA CITY OK 73106,35.475752,-97.546163,0
114,108,14610 BREAKERS DR,CLEARWATER,FL,33765,12/31/9999,14610 BREAKERS DR CLEARWATER FL 33765,27.974863,-82.745191,0
115,110,14610 BREAKERS DRIVE,ORLANDO,FL,32804,12/31/9999,14610 BREAKERS DRIVE ORLANDO FL 32804,28.503102,-81.215252,0
116,111,WEATHERTROL - WAREHOUSE,JACKSONVILLE,FL,32258,12/31/9999,WEATHERTROL - WAREHOUSE JACKSONVILLE FL 32258,30.156591,-81.560415,0
117,112,14610 BREAKERS DRIVE,CLEARWATER,FL,33765,12/31/9999,14610 BREAKERS DRIVE CLEARWATER FL 33765,27.974863,-82.745191,0
118,113,630 TEXAS CENTRAL PKWY,WOODWAY,TX,76712,12/31/9999,630 TEXAS CENTRAL PKWY WOODWAY TX 76712,31.498342,-97.200469,0
119,114,14610 BREAKERS DRIVE,JACKSONVILLE,FL,32258,12/31/9999,14610 BREAKERS DRIVE JACKSONVILLE FL 32258,30.156591,-81.560415,0
120,115,14610 BREAKERS DRIVE,JACKSONVILLE,FL,32258,12/31/9999,14610 BREAKERS DRIVE JACKSONVILLE FL 32258,30.156591,-81.560415,0
121,116,14610 BREAKERS DRIVE,JACKSONVILLE,FL,32258,12/31/9999,14610 BREAKERS DRIVE JACKSONVILLE FL 32258,30.156591,-81.560415,0
122,117,2113A NORTH HAMILTON STREET,RICHMOND,VA,23230,12/31/9999,2113A NORTH HAMILTON STREET RICHMOND VA 23230,37.57306,-77.476199,0
123,118,1201 NICHOLAS ST.,OMAHA,NE,68102,12/31/9999,1201 NICHOLAS ST. OMAHA NE 68102,41.269995,-95.931786,0
124,119,14610 BREAKERS DRIVE,JACKSONVILLE,FL,32258,12/31/9999,14610 BREAKERS DRIVE JACKSONVILLE FL 32258,30.156591,-81.560415,0
125,120,14610 BREAKERS DRIVE,JACKSONVILLE,FL,32258,12/31/9999,14610 BREAKERS DRIVE JACKSONVILLE FL 32258,30.156591,-81.560415,0
126,121,14610 BREAKERS DR,JACKSONVILLE,FL,32258,12/31/9999,14610 BREAKERS DR JACKSONVILLE FL 32258,30.156591,-81.560415,0
127,122,14900 HEMPSTEAD WAY,HOUSTON,TX,77040,12/31/9999,14900 HEMPSTEAD WAY HOUSTON TX 77040,29.866657,-95.55125,0
128,123,10460 SHADY TRAIL,DALLAS,TX,75220,12/31/9999,10460 SHADY TRAIL DALLAS TX 75220,32.865789,-96.890418,0
129,124,2030 NW 7TH STREET,OKLAHOMA CITY,OK,73106,12/31/9999,2030 NW 7TH STREET OKLAHOMA CITY OK 73106,35.475752,-97.546163,0
130,127,11001-S SO COMMERCE BLVD,CHARLOTTE,NC,28241,12/31/9999,11001-S SO COMMERCE BLVD CHARLOTTE NC 28241,35.120616,-80.930036,0
131,128,3812 1ST AVE N,BIRMINGHAM,AL,35222,12/31/9999,3812 1ST AVE N BIRMINGHAM AL 35222,33.526357,-86.781099,0
132,129,2000 DIVERSIFIED WAY,ORLANDO,FL,32804,12/31/9999,2000 DIVERSIFIED WAY ORLANDO FL 32804,28.569842,-81.406084,0
133,130,2222 HARPER STREET,JACKSONVILLE,FL,32204,12/31/9999,2222 HARPER STREET JACKSONVILLE FL 32204,30.329688,-81.685768,0
134,131,751 NW 33RD ST.,POMPANO BEACH,FL,33064,12/31/9999,751 NW 33RD ST. POMPANO BEACH FL 33064,26.271312,-80.133212,0
135,132,6530 ORCHID LAKE RD,NEW PORT RICHEY,FL,34653,12/31/9999,6530 ORCHID LAKE RD NEW PORT RICHEY FL 34653,28.271338,-82.707262,0
136,133,831 BILL FRANCE,DAYTONA BEACH,FL,32117,12/31/9999,831 BILL FRANCE DAYTONA BEACH FL 32117,29.21039,-81.074051,0
137,134,101-A KAHN INDUSTRIAL CT.,SAVANNAH,GA,31405,12/31/9999,101-A KAHN INDUSTRIAL CT. SAVANNAH GA 31405,32.046723,-81.146852,0
138,135,1235 WICKER DR,RALEIGH,NC,27604,12/31/9999,1235 WICKER DR RALEIGH NC 27604,35.809912,-78.61871,0
139,136,2920 CYPRESS ST,WEST MONROE,LA,71291,12/31/9999,2920 CYPRESS ST WEST MONROE LA 71291,32.517844,-92.149975,0
140,138,14610 BREAKERS DR,JACKSONVILLE,FL,32258,12/31/9999,14610 BREAKERS DR JACKSONVILLE FL 32258,30.156591,-81.560415,0
141,139,751 NW 33RD ST,POMPANO BEACH,FL,33064,12/31/9999,751 NW 33RD ST POMPANO BEACH FL 33064,26.271312,-80.133212,0
142,140,14900 HEMPSTEAD WAY,HOUSTON,TX,77040,12/31/9999,14900 HEMPSTEAD WAY HOUSTON TX 77040,29.866657,-95.55125,0
143,141,3090 44TH AVENUE N,SAINT PETERSBURG,FL,33714,12/31/9999,3090 44TH AVENUE N SAINT PETERSBURG FL 33714,27.812213,-82.675147,0
144,150,14610 BREAKERS DR.,JACKSONVILLE,FL,32256,12/31/9999,14610 BREAKERS DR. JACKSONVILLE FL 32256,30.213733,-81.539129,0
145,151,317 SOUTH NORTHLAKE BLVD.,ALTAMONTE SPRINGS,FL,32701,12/31/9999,317 SOUTH NORTHLAKE BLVD. ALTAMONTE SPRINGS FL 32701,28.657533,-81.385066,0
146,152,317 SOUTH NORTHLAKE BLVD.,ALTAMONTE SPRINGS,FL,32701,12/31/9999,317 SOUTH NORTHLAKE BLVD. ALTAMONTE SPRINGS FL 32701,28.657533,-81.385066,0
147,153,831 BILL FRANCE,DAYTONA BEACH,FL,32117,12/31/9999,831 BILL FRANCE DAYTONA BEACH FL 32117,29.21039,-81.074051,0
148,154,311 BIC ROAD,DOTHAN,AL,36303,12/31/9999,311 BIC ROAD DOTHAN AL 36303,31.24732,-85.387254,0
149,155,3040 N.E. 20TH WAY,GAINESVILLE,FL,32609,12/31/9999,3040 N.E. 20TH WAY GAINESVILLE FL 32609,29.680764,-82.295771,0
150,156,2222 HARPER STREET,JACKSONVILLE,FL,32204,12/31/9999,2222 HARPER STREET JACKSONVILLE FL 32204,30.329688,-81.685768,0
151,157,1010 N.E. 16TH STREET,OCALA,FL,34470,12/31/9999,1010 N.E. 16TH STREET OCALA FL 34470,29.203237,-82.126076,0
152,159,751 NW 33RD ST,POMPANO BEACH,FL,33064,12/31/9999,751 NW 33RD ST POMPANO BEACH FL 33064,26.271312,-80.133212,0
153,160,6151 METROPLEX DRIVE,FORT MYERS,FL,33966,12/31/9999,6151 METROPLEX DRIVE FORT MYERS FL 33966,26.577502,-81.852502,0
154,161,7617 SILVER SANDS DR,MELBOURNE,FL,32904,12/31/9999,7617 SILVER SANDS DR MELBOURNE FL 32904,28.100537,-80.674256,0
155,163,2098 ELSA STREET,NAPLES,FL,34109,12/31/9999,2098 ELSA STREET NAPLES FL 34109,26.219421,-81.777079,0
156,164,6530 ORCHID LAKE RD. SUITE A,NEW PORT RICHEY,FL,34653,12/31/9999,6530 ORCHID LAKE RD. SUITE A NEW PORT RICHEY FL 34653,28.271338,-82.707262,0
157,165,1731 OLD OKEECHOBEE ROAD,WEST PALM BEACH,FL,33409,12/31/9999,1731 OLD OKEECHOBEE ROAD WEST PALM BEACH FL 33409,26.702103,-80.074627,0
158,166,6411 PARKLAND DR.,SARASOTA,FL,34243,12/31/9999,6411 PARKLAND DR. SARASOTA FL 34243,27.428245,-82.536265,0
159,167,12880 AUTOMOBILE BLVD,CLEARWATER,FL,33762,12/31/9999,12880 AUTOMOBILE BLVD CLEARWATER FL 33762,27.891689,-82.696283,0
160,168,6003-A ANDERSON ROAD,TAMPA,FL,33634,12/31/9999,6003-A ANDERSON ROAD TAMPA FL 33634,28.009119,-82.531515,0
161,169,11001-S SO COMMERCE BLVD,CHARLOTTE,NC,28273,12/31/9999,11001-S SO COMMERCE BLVD CHARLOTTE NC 28273,35.120616,-80.930036,0
162,170,2308 ATLANTIC AVENUE,RALEIGH,NC,27604,12/31/9999,2308 ATLANTIC AVENUE RALEIGH NC 27604,35.811747,-78.618915,0
163,171,1515 BETHEL DRIVE,HIGH POINT,NC,27260,12/31/9999,1515 BETHEL DRIVE HIGH POINT NC 27260,35.920229,-80.02044,0
164,172,712 ASHE STREET,HENDERSONVILLE,NC,28792,12/31/9999,712 ASHE STREET HENDERSONVILLE NC 28792,35.322388,-82.456279,0
165,173,201 FORRESTER DRIVE SUITE A11,GREENVILLE,SC,29607,12/31/9999,201 FORRESTER DRIVE SUITE A11 GREENVILLE SC 29607,34.806453,-82.311538,0
166,174,5785 BROOK HOLLOW PARKWAY,NORCROSS,GA,30071,12/31/9999,5785 BROOK HOLLOW PARKWAY NORCROSS GA 30071,33.919703,-84.197348,0
167,175,8700 LARKIN ROAD SUITE B,SAVAGE,MD,20763,12/31/9999,8700 LARKIN ROAD SUITE B SAVAGE MD 20763,39.134395,-76.809659,0
168,176,4960 LAKELAND COMMERCE PKWY,LAKELAND,FL,33805,12/31/9999,4960 LAKELAND COMMERCE PKWY LAKELAND FL 33805,28.10647,-81.907872,0
169,177,NEW LOCATION - OPENING SOON,JACKSONVILLE,FL,32258,12/31/9999,NEW LOCATION - OPENING SOON JACKSONVILLE FL 32258,30.331768,-81.719943,0
170,199,350 WESTERN DR,MOBILE,AL,36607,12/31/9999,350 WESTERN DR MOBILE AL 36607,30.70325,-88.114968,0
171,200,1954 CARROLL ST,CLEARWATER,FL,33765,12/31/9999,1954 CARROLL ST CLEARWATER FL 33765,27.979608,-82.758263,0
172,202,1782 BEAUMONT DRIVE,BATON ROUGE,LA,70806,12/31/9999,1782 BEAUMONT DRIVE BATON ROUGE LA 70806,30.466588,-91.108961,0
173,210,2600 VIRGINIA CIRCLE,DENTON,TX,76209,12/31/9999,2600 VIRGINIA CIRCLE DENTON TX 76209,33.234169,-97.09246,0
174,211,2600 E. UNIVERSITY,DENTON,TX,76209,12/31/9999,2600 E. UNIVERSITY DENTON TX 76209,33.234094,-97.096247,0
175,214,"3122 SHADER RD, UNIT F",ORLANDO,FL,32808,12/31/9999,"3122 SHADER RD, UNIT F ORLANDO FL 32808",28.585316,-81.420186,0
176,215,16601 CENTRAL GREEN BLVD,HOUSTON,TX,77032,12/31/9999,16601 CENTRAL GREEN BLVD HOUSTON TX 77032,29.815641,-95.47954,0
177,217,BAKER DISTRIBUTING CO.,JACKSONVILLE,FL,32258,12/31/9999,BAKER DISTRIBUTING CO. JACKSONVILLE FL 32258,30.166719,-81.529101,0
178,220,3923 MORSE ST,DENTON,TX,76208,12/31/9999,3923 MORSE ST DENTON TX 76208,33.204769,-97.087999,0
179,221,2240 NE LOOP 286,PARIS,TX,75460,12/31/9999,2240 NE LOOP 286 PARIS TX 75460,33.677782,-95.534315,0
180,222,3800 FRISCO ROAD,SHERMAN,TX,75090,12/31/9999,3800 FRISCO ROAD SHERMAN TX 75090,33.67551,-96.586883,0
181,223,"845 N MILL STREET, STE. 400",LEWISVILLE,TX,75067,12/31/9999,"845 N MILL STREET, STE. 400 LEWISVILLE TX 75067",33.02398,-97.03206,0
182,224,1009 N. ROBISON ROAD,TEXARKANA,TX,75501,12/31/9999,1009 N. ROBISON ROAD TEXARKANA TX 75501,33.425779,-94.080444,0
183,225,1830 WEST VIRGINIA,MCKINNEY,TX,75069,12/31/9999,1830 WEST VIRGINIA MCKINNEY TX 75069,33.198523,-96.59997,0
184,227,420 A. ENTERPRISE STREET,LONGVIEW,TX,75604,12/31/9999,420 A. ENTERPRISE STREET LONGVIEW TX 75604,32.500313,-94.78623,0
185,228,6705 WALLACE AVE,SHREVEPORT,LA,71106,12/31/9999,6705 WALLACE AVE SHREVEPORT LA 71106,32.444507,-93.767251,0
186,229,200 CHESTER,WICHITA FALLS,TX,76301,12/31/9999,200 CHESTER WICHITA FALLS TX 76301,33.897558,-98.484838,0
187,230,"4101 S. TRIMMIER RD., BLDG. B",KILLEEN,TX,76542,12/31/9999,"4101 S. TRIMMIER RD., BLDG. B KILLEEN TX 76542",31.078708,-97.738137,0
188,231,630 TEXAS CENTRAL PKWY,WOODWAY,TX,76712,12/31/9999,630 TEXAS CENTRAL PKWY WOODWAY TX 76712,31.498342,-97.200469,0
189,232,"410 ""I"" STREET N. W.",ARDMORE,OK,73401,12/31/9999,"410 ""I"" STREET N. W. ARDMORE OK 73401",34.179576,-97.138451,0
190,233,2816 SOUTH STREET,NACOGDOCHES,TX,75964,12/31/9999,2816 SOUTH STREET NACOGDOCHES TX 75964,31.561124,-94.669848,0
191,234,2030 NW 7TH STREET,OKLAHOMA CITY,OK,73106,12/31/9999,2030 NW 7TH STREET OKLAHOMA CITY OK 73106,35.475752,-97.546163,0
192,235,13225 KALLAN AVE,TYLER,TX,75703,12/31/9999,13225 KALLAN AVE TYLER TX 75703,32.378408,-95.255218,0
193,236,821 N JUPITER RD,PLANO,TX,75074,12/31/9999,821 N JUPITER RD PLANO TX 75074,33.008939,-96.682304,0
194,237,7601 E. 46TH STREET,TULSA,OK,74145,12/31/9999,7601 E. 46TH STREET TULSA OK 74145,36.097781,-95.89192,0
195,257,10701 N STEMMONS FRWY,DALLAS,TX,75220,12/31/9999,10701 N STEMMONS FRWY DALLAS TX 75220,32.870317,-96.897493,0
196,260,4519 OLD LAMAR STREET,MEMPHIS,TN,38118,12/31/9999,4519 OLD LAMAR STREET MEMPHIS TN 38118,35.040511,-89.912671,0
197,262,5176 PLEASANT VIEW RD,MEMPHIS,TN,38134,12/31/9999,5176 PLEASANT VIEW RD MEMPHIS TN 38134,35.174326,-89.890908,0
198,270,14610 BREAKERS DRIVE,JACKSONVILLE,FL,32258,12/31/9999,14610 BREAKERS DRIVE JACKSONVILLE FL 32258,30.156591,-81.560415,0
199,271,2525 MCJUNKIN RD,LAKELAND,FL,33803,12/31/9999,2525 MCJUNKIN RD LAKELAND FL 33803,28.012518,-81.909477,0
200,272,7810 25TH CT E,SARASOTA,FL,34243,12/31/9999,7810 25TH CT E SARASOTA FL 34243,27.397,-82.532797,0
201,273,205-C KELSEY LANE,TAMPA,FL,33619,12/31/9999,205-C KELSEY LANE TAMPA FL 33619,27.944349,-82.358186,0
202,274,1954 CARROLL STREET,CLEARWATER,FL,33765,12/31/9999,1954 CARROLL STREET CLEARWATER FL 33765,27.979608,-82.758263,0
203,275,5401 NW 13TH ST,GAINESVILLE,FL,32653,12/31/9999,5401 NW 13TH ST GAINESVILLE FL 32653,29.704066,-82.344747,0
204,276,8475 WESTERN WAY,JACKSONVILLE,FL,32256,12/31/9999,8475 WESTERN WAY JACKSONVILLE FL 32256,30.220865,-81.567496,0
205,277,"6151 METROPLEX DRIVE, STE 101",FORT MYERS,FL,33966,12/31/9999,"6151 METROPLEX DRIVE, STE 101 FORT MYERS FL 33966",26.577502,-81.852502,0
206,278,"3122 SHADER RD, UNIT F",ORLANDO,FL,32808,12/31/9999,"3122 SHADER RD, UNIT F ORLANDO FL 32808",28.585316,-81.420186,0
207,279,3790 HARTSFIELD RD.,TALLAHASSEE,FL,32303,12/31/9999,3790 HARTSFIELD RD. TALLAHASSEE FL 32303,30.469201,-84.356952,0
208,280,1252 W. 17TH STREET,PANAMA CITY,FL,32405,12/31/9999,1252 W. 17TH STREET PANAMA CITY FL 32405,30.178956,-85.683708,0
209,281,1100 INDUSTRIAL WAY EAST,SEBRING,FL,33870,12/31/9999,1100 INDUSTRIAL WAY EAST SEBRING FL 33870,27.484516,-81.434415,0
210,299,4990 BANCO RD,NORTH CHARLESTON,SC,29418,12/31/9999,4990 BANCO RD NORTH CHARLESTON SC 29418,32.865926,-80.013576,0
211,301,14610 BREAKERS DRIVE,JACKSONVILLE,FL,32258,12/31/9999,14610 BREAKERS DRIVE JACKSONVILLE FL 32258,30.156591,-81.560415,0
212,304,1808 N ASHLEY ST,VALDOSTA,GA,31602,12/31/9999,1808 N ASHLEY ST VALDOSTA GA 31602,30.854483,-83.280724,0
213,305,860 EPPES DRIVE,TALLAHASSEE,FL,32304,12/31/9999,860 EPPES DRIVE TALLAHASSEE FL 32304,30.43324,-84.304672,0
214,306,2121 EDISON AVE,JACKSONVILLE,FL,32204,12/31/9999,2121 EDISON AVE JACKSONVILLE FL 32204,30.322932,-81.685943,0
215,307,2901 N E 20TH WAY,GAINESVILLE,FL,32609,12/31/9999,2901 N E 20TH WAY GAINESVILLE FL 32609,29.67916,-82.296641,0
216,308,2000 DIVERSIFIED WAY,ORLANDO,FL,32804,12/31/9999,2000 DIVERSIFIED WAY ORLANDO FL 32804,28.569842,-81.406084,0
217,309,423 S WESTOVER BLVD,ALBANY,GA,31707,12/31/9999,423 S WESTOVER BLVD ALBANY GA 31707,31.568652,-84.222397,0
218,311,816 HICKS ST.,WAYCROSS,GA,31501,12/31/9999,816 HICKS ST. WAYCROSS GA 31501,31.210275,-82.347362,0
219,312,2284-A WILHELMINA CT. NE,PALM BAY,FL,32905,12/31/9999,2284-A WILHELMINA CT. NE PALM BAY FL 32905,28.057247,-80.592681,0
220,314,2250 EMERSON ST,JACKSONVILLE,FL,32207,12/31/9999,2250 EMERSON ST JACKSONVILLE FL 32207,30.2853,-81.638008,0
221,315,1323 SE DIXIE HIGHWAY,STUART,FL,34994,12/31/9999,1323 SE DIXIE HIGHWAY STUART FL 34994,27.187622,-80.242752,0
222,316,6151 METROPLEX DR,FORT MYERS,FL,33966,12/31/9999,6151 METROPLEX DR FORT MYERS FL 33966,26.577502,-81.852502,0
223,317,3090 44TH AVENUE NORTH,SAINT PETERSBURG,FL,33714,12/31/9999,3090 44TH AVENUE NORTH SAINT PETERSBURG FL 33714,27.812213,-82.675147,0
224,318,6411 PARKLAND DR.,SARASOTA,FL,34243,12/31/9999,6411 PARKLAND DR. SARASOTA FL 34243,27.428245,-82.536265,0
225,319,1750 N BELCHER RD,CLEARWATER,FL,33765,12/31/9999,1750 N BELCHER RD CLEARWATER FL 33765,27.993354,-82.74247,0
226,320,7788 CENTRAL INDUSTRIAL DR,WEST PALM BEACH,FL,33404,12/31/9999,7788 CENTRAL INDUSTRIAL DR WEST PALM BEACH FL 33404,26.789791,-80.095254,0
227,321,7956 NW 14TH ST,MIAMI,FL,33126,12/31/9999,7956 NW 14TH ST MIAMI FL 33126,25.786192,-80.327964,0
228,322,"8110 ANDERSON ROAD, SUITE 106",TAMPA,FL,33634,12/31/9999,"8110 ANDERSON ROAD, SUITE 106 TAMPA FL 33634",28.025462,-82.537572,0
229,323,4410 ADAMO DRIVE SUITE 111,TAMPA,FL,33605,12/31/9999,4410 ADAMO DRIVE SUITE 111 TAMPA FL 33605,27.952539,-82.409321,0
230,328,1681 NE 6TH AVE,OCALA,FL,34470,12/31/9999,1681 NE 6TH AVE OCALA FL 34470,29.204135,-82.131152,0
231,337,1102 SMITH AVE,THOMASVILLE,GA,31792,12/31/9999,1102 SMITH AVE THOMASVILLE GA 31792,30.835274,-83.957318,0
232,338,278 SW SUMMERS LANE,LAKE CITY,FL,32025,12/31/9999,278 SW SUMMERS LANE LAKE CITY FL 32025,30.035504,-82.386969,0
233,344,156 SOUTH RIDGE AVENUE,TIFTON,GA,31794,12/31/9999,156 SOUTH RIDGE AVENUE TIFTON GA 31794,31.443301,-83.519605,0
234,345,1801 HOLSONBACK DR.,DAYTONA BEACH,FL,32117,12/31/9999,1801 HOLSONBACK DR. DAYTONA BEACH FL 32117,29.21366,-81.073982,0
235,347,8410 REDMAC STREET,PORT RICHEY,FL,34668,12/31/9999,8410 REDMAC STREET PORT RICHEY FL 34668,28.278983,-82.700887,0
236,348,690 E RHODE ISLAND AVE,ORANGE CITY,FL,32763,12/31/9999,690 E RHODE ISLAND AVE ORANGE CITY FL 32763,28.93416,-81.292104,0
237,349,143 NORTH TROPICAL TRAIL,MERRITT ISLAND,FL,32953,12/31/9999,143 NORTH TROPICAL TRAIL MERRITT ISLAND FL 32953,28.359229,-80.705842,0
238,350,1019 OMOHUNDRO AVENUE,LAKELAND,FL,33805,12/31/9999,1019 OMOHUNDRO AVENUE LAKELAND FL 33805,28.055626,-81.970606,0
239,352,1381 N LECANTO HWY,LECANTO,FL,34461,12/31/9999,1381 N LECANTO HWY LECANTO FL 34461,28.88525,-82.487686,0
240,357,898 9TH PLACE,VERO BEACH,FL,32960,12/31/9999,898 9TH PLACE VERO BEACH FL 32960,27.619716,-80.393557,0
241,358,2815-E BOLTON ROAD,ORANGE PARK,FL,32073,12/31/9999,2815-E BOLTON ROAD ORANGE PARK FL 32073,30.149311,-81.752629,0
242,362,3159 ANDREWS AVE. EXTENSION,POMPANO BEACH,FL,33064,12/31/9999,3159 ANDREWS AVE. EXTENSION POMPANO BEACH FL 33064,26.269629,-80.136832,0
243,367,1615 OLD MOULTRIE ROAD,SAINT AUGUSTINE,FL,32084,12/31/9999,1615 OLD MOULTRIE ROAD SAINT AUGUSTINE FL 32084,29.873001,-81.326375,0
244,374,1414 W BAKER HWY,DOUGLAS,GA,31533,12/31/9999,1414 W BAKER HWY DOUGLAS GA 31533,31.498469,-82.869948,0
245,382,2520 MICHIGAN AVE. UNIT A,KISSIMMEE,FL,34744,12/31/9999,2520 MICHIGAN AVE. UNIT A KISSIMMEE FL 34744,28.320192,-81.391167,0
246,383,930 THOMAS AVE STE 4,LEESBURG,FL,34748,12/31/9999,930 THOMAS AVE STE 4 LEESBURG FL 34748,28.822945,-81.903979,0
247,393,14610 BREAKERS DRIVE,JACKSONVILLE,FL,32258,12/31/9999,14610 BREAKERS DRIVE JACKSONVILLE FL 32258,30.156591,-81.560415,0
248,394,1313 S BRIGGS AVE,DURHAM,NC,27703,12/31/9999,1313 S BRIGGS AVE DURHAM NC 27703,35.973643,-78.876138,0
249,396,ENGINEERING SALES TEAM,ATLANTA,GA,30340,12/31/9999,ENGINEERING SALES TEAM ATLANTA GA 30340,33.745398,-84.418984,0
250,397,14610 BREAKERS DRIVE,JACKSONVILLE,FL,32258,12/31/9999,14610 BREAKERS DRIVE JACKSONVILLE FL 32258,30.156591,-81.560415,0
251,399,721 W. AMELIA STREET,ORLANDO,FL,32805,12/31/9999,721 W. AMELIA STREET ORLANDO FL 32805,28.54938,-81.389323,0
252,400,4655 WRIGHT RD. SUITE 100,STAFFORD,TX,77477,12/31/9999,4655 WRIGHT RD. SUITE 100 STAFFORD TX 77477,29.630283,-95.58938,0
253,401,806 EAST HARRIS,PASADENA,TX,77506,12/31/9999,806 EAST HARRIS PASADENA TX 77506,29.698323,-95.18294,0
254,402,3924 DUNVALE,HOUSTON,TX,77063,12/31/9999,3924 DUNVALE HOUSTON TX 77063,29.723194,-95.513902,0
255,403,2920 CYPRESS ST,WEST MONROE,LA,71291,12/31/9999,2920 CYPRESS ST WEST MONROE LA 71291,32.517844,-92.149975,0
256,404,722 S PADRE ISLAND,CORPUS CHRISTI,TX,78416,12/31/9999,722 S PADRE ISLAND CORPUS CHRISTI TX 78416,27.755024,-97.458402,0
257,405,9516 NEILS THOMPSON DR,AUSTIN,TX,78758,12/31/9999,9516 NEILS THOMPSON DR AUSTIN TX 78758,30.383517,-97.732635,0
258,406,710 VENTURE,WOODWAY,TX,76712,12/31/9999,710 VENTURE WOODWAY TX 76712,31.503391,-97.186845,0
259,408,1700 BUCHANAN,BRENHAM,TX,77833,12/31/9999,1700 BUCHANAN BRENHAM TX 77833,30.164773,-96.380561,0
260,410,_,TEMPLE,TX,76504,12/31/9999,_ TEMPLE TX 76504,31.137885,-97.373626,0
261,411,9929 BROADWAY,SAN ANTONIO,TX,78217,12/31/9999,9929 BROADWAY SAN ANTONIO TX 78217,29.530453,-98.450948,0
262,412,4660 PINE TIMBERS,HOUSTON,TX,77041,12/31/9999,4660 PINE TIMBERS HOUSTON TX 77041,29.838034,-95.514155,0
263,413,"320 EAST CEDAR, SUITE B",MCALLEN,TX,78501,12/31/9999,"320 EAST CEDAR, SUITE B MCALLEN TX 78501",26.203348,-98.212429,0
264,414,"12600 STATE HWY 30, STE 200",COLLEGE STATION,TX,77845,12/31/9999,"12600 STATE HWY 30, STE 200 COLLEGE STATION TX 77845",30.630039,-96.239721,0
265,415,"980 N. MLK, JR. PARKWAY",BEAUMONT,TX,77701,12/31/9999,"980 N. MLK, JR. PARKWAY BEAUMONT TX 77701",30.091922,-94.113284,0
266,416,909 HAWKINS,EL PASO,TX,79915,12/31/9999,909 HAWKINS EL PASO TX 79915,31.762811,-106.379552,0
267,417,909 HAWKINS,EL PASO,TX,79915,12/31/9999,909 HAWKINS EL PASO TX 79915,31.762811,-106.379552,0
268,419,14610 BREAKERS DRIVE,JACKSONVILLE,FL,32258,12/31/9999,14610 BREAKERS DRIVE JACKSONVILLE FL 32258,30.156591,-81.560415,0
269,420,1904 BROOKSIDE LN,KINGSPORT,TN,37660,12/31/9999,1904 BROOKSIDE LN KINGSPORT TN 37660,36.554838,-82.516358,0
270,421,5520 PLEASANT VIEW RD,MEMPHIS,TN,38134,12/31/9999,5520 PLEASANT VIEW RD MEMPHIS TN 38134,35.173563,-89.879521,0
271,424,4191 S CREEK RD STE B,CHATTANOOGA,TN,37406,12/31/9999,4191 S CREEK RD STE B CHATTANOOGA TN 37406,35.092161,-85.246844,0
272,425,649 N PARKWAY,MEMPHIS,TN,38105,12/31/9999,649 N PARKWAY MEMPHIS TN 38105,35.155562,-90.03718,0
273,426,970 NEW SALEM HWY,MURFREESBORO,TN,37128,12/31/9999,970 NEW SALEM HWY MURFREESBORO TN 37128,35.810223,-86.461658,0
274,428,CLOSED LOCATION,STAFFORD,TX,77477,12/31/9999,CLOSED LOCATION STAFFORD TX 77477,29.62431,-95.567968,0
275,429,724 MASSMAN DRIVE,NASHVILLE,TN,37210,12/31/9999,724 MASSMAN DRIVE NASHVILLE TN 37210,36.145516,-86.711612,0
276,430,150 TECHNOLOGY DRIVE,DOTHAN,AL,36303,12/31/9999,150 TECHNOLOGY DRIVE DOTHAN AL 36303,31.268072,-85.394913,0
277,431,2721 POPLAR STREET,MONTGOMERY,AL,36107,12/31/9999,2721 POPLAR STREET MONTGOMERY AL 36107,32.368231,-86.273582,0
278,432,2515 EAST GLENN AVENUE #B201,AUBURN,AL,36830,12/31/9999,2515 EAST GLENN AVENUE #B201 AUBURN AL 36830,33.607444,-86.634185,0
279,433,5481 VANN PLACE,BIRMINGHAM,AL,35235,12/31/9999,5481 VANN PLACE BIRMINGHAM AL 35235,33.610906,-86.632532,0
280,434,930 HIGH STREET,JACKSON,MS,39202,12/31/9999,930 HIGH STREET JACKSON MS 39202,32.304065,-90.175629,0
281,435,1801 PASS RD.,GULFPORT,MS,39501,12/31/9999,1801 PASS RD. GULFPORT MS 39501,30.380333,-89.083621,0
282,436,1304 FIFTH ST.,MERIDIAN,MS,39301,12/31/9999,1304 FIFTH ST. MERIDIAN MS 39301,32.368247,-88.691881,0
283,437,443 E. PRESIDENT ST.,TUPELO,MS,38801,12/31/9999,443 E. PRESIDENT ST. TUPELO MS 38801,34.248679,-88.710404,0
284,438,1211 PUTMAN DR NW,HUNTSVILLE,AL,35816,12/31/9999,1211 PUTMAN DR NW HUNTSVILLE AL 35816,34.738444,-86.638533,0
285,439,208 NORTH 2ND STREET,UNION CITY,TN,38261,12/31/9999,208 NORTH 2ND STREET UNION CITY TN 38261,36.426961,-89.057968,0
286,440,301 AIRWAYS BLVD,JACKSON,TN,38301,12/31/9999,301 AIRWAYS BLVD JACKSON TN 38301,35.61666,-88.832352,0
287,442,3812 1ST AVE. N.,BIRMINGHAM,AL,35222,12/31/9999,3812 1ST AVE. N. BIRMINGHAM AL 35222,33.526357,-86.781099,0
288,443,1033 14TH STREET,COLUMBUS,GA,31901,12/31/9999,1033 14TH STREET COLUMBUS GA 31901,32.472747,-84.978434,0
289,454,3400 CANDELARIA RD NE,ALBUQUERQUE,NM,87107,12/31/9999,3400 CANDELARIA RD NE ALBUQUERQUE NM 87107,35.116524,-106.606947,0
290,459,1403 FLORIDA AVENUE,PANAMA CITY,FL,32401,12/31/9999,1403 FLORIDA AVENUE PANAMA CITY FL 32401,30.173439,-85.669462,0
291,460,101 LOVEJOY RD,FORT WALTON BEACH,FL,32548,12/31/9999,101 LOVEJOY RD FORT WALTON BEACH FL 32548,30.424412,-86.674242,0
292,461,1050 S. LABARRE ROAD,METAIRIE,LA,70001,12/31/9999,1050 S. LABARRE ROAD METAIRIE LA 70001,29.972994,-90.152012,0
293,463,350 WESTERN DRIVE,MOBILE,AL,36607,12/31/9999,350 WESTERN DRIVE MOBILE AL 36607,30.70325,-88.114968,0
294,465,44567 S AIRPORT RD,HAMMOND,LA,70403,12/31/9999,44567 S AIRPORT RD HAMMOND LA 70403,30.51191,-90.415098,0
295,466,2034 SOUTH SOUTHLAND AVENUE,GONZALES,LA,70737,12/31/9999,2034 SOUTH SOUTHLAND AVENUE GONZALES LA 70737,30.216392,-90.928347,0
296,480,4308 NORTH PALAFOX ST.,PENSACOLA,FL,32505,12/31/9999,4308 NORTH PALAFOX ST. PENSACOLA FL 32505,30.456612,-87.237222,0
297,485,1050 S. LABARRE ROAD,METAIRIE,LA,70001,12/31/9999,1050 S. LABARRE ROAD METAIRIE LA 70001,29.972994,-90.152012,0
298,499,513 NATIONAL AVENUE,AUGUSTA,GA,30903,12/31/9999,513 NATIONAL AVENUE AUGUSTA GA 30903,33.457805,-81.968181,0
299,501,4990 BANCO ROAD,NORTH CHARLESTON,SC,29418,12/31/9999,4990 BANCO ROAD NORTH CHARLESTON SC 29418,32.865926,-80.013576,0
300,502,101-A KAHN INDUSTRIAL CT.,SAVANNAH,GA,31405,12/31/9999,101-A KAHN INDUSTRIAL CT. SAVANNAH GA 31405,32.046723,-81.146852,0
301,503,2122 LINE STREET,BRUNSWICK,GA,31520,12/31/9999,2122 LINE STREET BRUNSWICK GA 31520,31.192695,-81.495893,0
302,504,407 HARMON ST,SAVANNAH,GA,31401,12/31/9999,407 HARMON ST SAVANNAH GA 31401,32.066722,-81.081311,0
303,513,513 NATIONAL AVENUE,AUGUSTA,GA,30901,12/31/9999,513 NATIONAL AVENUE AUGUSTA GA 30901,33.457805,-81.968181,0
304,515,111 COMMERCIAL BLVD.,AUGUSTA,GA,30907,12/31/9999,111 COMMERCIAL BLVD. AUGUSTA GA 30907,33.516041,-82.092596,0
305,516,125 POPLAR STREET,MACON,GA,31201,12/31/9999,125 POPLAR STREET MACON GA 31201,32.830724,-83.622484,0
306,518,203 JAMES E WILLIAMS DR,BYRON,GA,31008,12/31/9999,203 JAMES E WILLIAMS DR BYRON GA 31008,32.652992,-83.76388,0
307,520,9158 WHEAT STREET,COVINGTON,GA,30014,12/31/9999,9158 WHEAT STREET COVINGTON GA 30014,33.604486,-83.831551,0
308,521,144 WESTRIDGE INDUSTRIAL BLVD,MCDONOUGH,GA,30253,12/31/9999,144 WESTRIDGE INDUSTRIAL BLVD MCDONOUGH GA 30253,33.414309,-84.158069,0
309,522,2408 TECH CENTER PARKWAY,LAWRENCEVILLE,GA,30043,12/31/9999,2408 TECH CENTER PARKWAY LAWRENCEVILLE GA 30043,34.053882,-84.002675,0
310,524,2351 BUTTON GWINNETT DRIVE,ATLANTA,GA,30340,12/31/9999,2351 BUTTON GWINNETT DRIVE ATLANTA GA 30340,33.915295,-84.23861,0
311,525,307 MCNATT STREET,VIDALIA,GA,30474,12/31/9999,307 MCNATT STREET VIDALIA GA 30474,32.208201,-82.382808,0
312,527,1185 LOGAN CIR NW,ATLANTA,GA,30318,12/31/9999,1185 LOGAN CIR NW ATLANTA GA 30318,33.806378,-84.434088,0
313,535,1396 ENTERPRISE AVENUE,MYRTLE BEACH,SC,29577,12/31/9999,1396 ENTERPRISE AVENUE MYRTLE BEACH SC 29577,33.708081,-78.903444,0
314,536,311 STOCKYARD ROAD,STATESBORO,GA,30458,12/31/9999,311 STOCKYARD ROAD STATESBORO GA 30458,32.461064,-81.799657,0
315,538,3265 BENCHMARK DR.,LADSON,SC,29456,12/31/9999,3265 BENCHMARK DR. LADSON SC 29456,32.994428,-80.112569,0
316,540,403 SULLIVAN STREET,GREENWOOD,SC,29646,12/31/9999,403 SULLIVAN STREET GREENWOOD SC 29646,34.20088,-82.144459,0
317,541,405 HUGER STREET,COLUMBIA,SC,29201,12/31/9999,405 HUGER STREET COLUMBIA SC 29201,33.985627,-81.0395,0
318,556,6 CALDWELL COURT,AIKEN,SC,29801,12/31/9999,6 CALDWELL COURT AIKEN SC 29801,33.532956,-81.697321,0
319,562,1200 POCALLA ROAD,SUMTER,SC,29150,12/31/9999,1200 POCALLA ROAD SUMTER SC 29150,33.886143,-80.347181,0
320,564,"1004 COBB PARKWAY N., #A",MARIETTA,GA,30062,12/31/9999,"1004 COBB PARKWAY N., #A MARIETTA GA 30062",2.7373,31.88644,0
321,565,150 PARADISE BLVD,ATHENS,GA,30607,12/31/9999,150 PARADISE BLVD ATHENS GA 30607,33.979181,-83.400434,0
322,568,107 FOREST PARKWAY,FOREST PARK,GA,30297,12/31/9999,107 FOREST PARKWAY FOREST PARK GA 30297,33.618396,-84.391288,0
323,570,200 NORTH MCQUEEN STREET,FLORENCE,SC,29501,12/31/9999,200 NORTH MCQUEEN STREET FLORENCE SC 29501,34.199193,-79.772425,0
324,571,2467 HILTON DRIVE,GAINESVILLE,GA,30501,12/31/9999,2467 HILTON DRIVE GAINESVILLE GA 30501,34.279455,-83.84951,0
325,574,601 HAMMOCK ROAD,MILLEDGEVILLE,GA,31061,12/31/9999,601 HAMMOCK ROAD MILLEDGEVILLE GA 31061,33.097958,-83.253282,0
326,575,2301 W. BLUE RIDGE DRIVE,GREENVILLE,SC,29611,12/31/9999,2301 W. BLUE RIDGE DRIVE GREENVILLE SC 29611,34.86143,-82.437925,0
327,576,110 COMMERCE DRIVE N.E.,COLUMBIA,SC,29223,12/31/9999,110 COMMERCE DRIVE N.E. COLUMBIA SC 29223,34.057694,-80.995691,0
328,577,709 DAVE LYLE BLVD.,ROCK HILL,SC,29730,12/31/9999,709 DAVE LYLE BLVD. ROCK HILL SC 29730,34.931381,-81.017011,0
329,578,217 INDUSTRIAL DRIVE,GREENVILLE,SC,29607,12/31/9999,217 INDUSTRIAL DRIVE GREENVILLE SC 29607,34.835946,-82.351211,0
330,579,289 ALICE STREET,SPARTANBURG,SC,29303,12/31/9999,289 ALICE STREET SPARTANBURG SC 29303,34.978551,-81.971801,0
331,581,104 NORTHWEST DRIVE,ANDERSON,SC,29625,12/31/9999,104 NORTHWEST DRIVE ANDERSON SC 29625,34.532375,-82.686163,0
332,584,412 EAST HIGHWAY 90,LITTLE RIVER,SC,29566,12/31/9999,412 EAST HIGHWAY 90 LITTLE RIVER SC 29566,33.862683,-78.648733,0
333,590,320 ROSS AVENUE,EASLEY,SC,29640,12/31/9999,320 ROSS AVENUE EASLEY SC 29640,34.816872,-82.606822,0
334,592,10 FINCH ST,HILTON HEAD ISLAND,SC,29926,12/31/9999,10 FINCH ST HILTON HEAD ISLAND SC 29926,32.228101,-80.697892,0
335,593,300 WEST ROBLES AVE ST J,SANTA ROSA,CA,95407,12/31/9999,300 WEST ROBLES AVE ST J SANTA ROSA CA 95407,38.394427,-122.720643,0
336,595,909 HAWKINS,EL PASO,TX,79915,12/31/9999,909 HAWKINS EL PASO TX 79915,31.762811,-106.379552,0
337,596,9705 SOUTH 600 WEST,SANDY,UT,84070,12/31/9999,9705 SOUTH 600 WEST SANDY UT 84070,40.576102,-111.908697,0
338,597,308 W ROBLES AVE,SANTA ROSA,CA,95407,12/31/9999,308 W ROBLES AVE SANTA ROSA CA 95407,38.3945,-122.721235,0
339,598,9705 SOUTH 600 WEST,SANDY,UT,84070,12/31/9999,9705 SOUTH 600 WEST SANDY UT 84070,40.576102,-111.908697,0
340,599,300 WEST ROBLES AVE STE J,SANTA ROSA,CA,95407,12/31/9999,300 WEST ROBLES AVE STE J SANTA ROSA CA 95407,38.394427,-122.720643,0
341,600,2904 S ANGUS AVE,FRESNO,CA,93725,12/31/9999,2904 S ANGUS AVE FRESNO CA 93725,36.696399,-119.776542,0
342,601,300 WEST ROBLES AVE STE J,SANTA ROSA,CA,95407,12/31/9999,300 WEST ROBLES AVE STE J SANTA ROSA CA 95407,38.394427,-122.720643,0
343,602,2065 COMMERCE AVENUE,CONCORD,CA,94520,12/31/9999,2065 COMMERCE AVENUE CONCORD CA 94520,37.974974,-122.047162,0
344,603,6727 PRESTON AVE,LIVERMORE,CA,94551,12/31/9999,6727 PRESTON AVE LIVERMORE CA 94551,37.709616,-121.714493,0
345,604,3000 ORANGE GROVE AVE,NORTH HIGHLANDS,CA,95660,12/31/9999,3000 ORANGE GROVE AVE NORTH HIGHLANDS CA 95660,38.645772,-121.392875,0
346,605,549-A BRUNKEN AVENUE,SALINAS,CA,93901,12/31/9999,549-A BRUNKEN AVENUE SALINAS CA 93901,36.66449,-121.640797,0
347,606,824 CHERRY ST,CHICO,CA,95926,12/31/9999,824 CHERRY ST CHICO CA 95926,39.737147,-121.856948,0
348,607,2138 ZANKER ROAD,SAN JOSE,CA,95131,12/31/9999,2138 ZANKER ROAD SAN JOSE CA 95131,37.375788,-121.911591,0
349,608,428 N. CANAL STREET,SOUTH SAN FRANCISCO,CA,94080,12/31/9999,428 N. CANAL STREET SOUTH SAN FRANCISCO CA 94080,37.651906,-122.418759,0
350,609,5449 E. LAMONA AVE.,FRESNO,CA,93727,12/31/9999,5449 E. LAMONA AVE. FRESNO CA 93727,36.760754,-119.706684,0
351,610,1295 N.EMERALD AVENUE,MODESTO,CA,95351,12/31/9999,1295 N.EMERALD AVENUE MODESTO CA 95351,37.623601,-120.996324,0
352,611,695 EAST PAIGE,TULARE,CA,93274,12/31/9999,695 EAST PAIGE TULARE CA 93274,36.182015,-119.338115,0
353,612,180 HEGENBERGER LOOP,OAKLAND,CA,94621,12/31/9999,180 HEGENBERGER LOOP OAKLAND CA 94621,37.736182,-122.195283,0
354,613,25882 SOUTH CORPORATE COURT,TRACY,CA,95377,12/31/9999,25882 SOUTH CORPORATE COURT TRACY CA 95377,37.718623,-121.524004,0
355,614,131 W 33RD ST,NATIONAL CITY,CA,91950,12/31/9999,131 W 33RD ST NATIONAL CITY CA 91950,32.653614,-117.099676,0
356,615,241 MARKET PL,ESCONDIDO,CA,92029,12/31/9999,241 MARKET PL ESCONDIDO CA 92029,33.120048,-117.111231,0
357,624,2375 DAVIS STREET,SAN LEANDRO,CA,94577,12/31/9999,2375 DAVIS STREET SAN LEANDRO CA 94577,37.714871,-122.191674,0
358,650,811 EAST WATERMAN SUITE B,WICHITA,KS,67202,12/31/9999,811 EAST WATERMAN SUITE B WICHITA KS 67202,37.68241,-97.329696,0
359,651,401 EAST ELM ST,SALINA,KS,67401,12/31/9999,401 EAST ELM ST SALINA KS 67401,38.845115,-97.605532,0
360,655,3802 ELLIOT AVE,SPRINGDALE,AR,72762,12/31/9999,3802 ELLIOT AVE SPRINGDALE AR 72762,36.176712,-94.172055,0
361,657,13405 I CIRCLE,OMAHA,NE,68137,12/31/9999,13405 I CIRCLE OMAHA NE 68137,41.216461,-96.123567,0
362,658,13718 C ST.,OMAHA,NE,68144,12/31/9999,13718 C ST. OMAHA NE 68144,41.222476,-96.126645,0
363,659,208 NW PLAZA DRIVE,RIVERSIDE,MO,64150,12/31/9999,208 NW PLAZA DRIVE RIVERSIDE MO 64150,39.165981,-94.610525,0
364,660,600 NW LIBBY LANE,LEES SUMMIT,MO,64063,12/31/9999,600 NW LIBBY LANE LEES SUMMIT MO 64063,38.924368,-94.399856,0
365,661,2044 NORTHERN,WICHITA,KS,67216,12/31/9999,2044 NORTHERN WICHITA KS 67216,37.641122,-97.315164,0
366,662,809 LEVEE DRIVE,MANHATTAN,KS,66502,12/31/9999,809 LEVEE DRIVE MANHATTAN KS 66502,39.19326,-96.542126,0
367,663,13530 I CIRCLE,OMAHA,NE,68137,12/31/9999,13530 I CIRCLE OMAHA NE 68137,41.217545,-96.124417,0
368,664,1401 VILLAGE DR.,SAINT JOSEPH,MO,64506,12/31/9999,1401 VILLAGE DR. SAINT JOSEPH MO 64506,39.778978,-94.799914,0
369,667,5338 WINNER ROAD,KANSAS CITY,MO,64127,12/31/9999,5338 WINNER ROAD KANSAS CITY MO 64127,39.098146,-94.523195,0
370,668,3107 S PLATTE RIVER DR,ENGLEWOOD,CO,80110,12/31/9999,3107 S PLATTE RIVER DR ENGLEWOOD CO 80110,39.660427,-105.003108,0
371,670,2300 FRANKLIN DRIVE,FORT WORTH,TX,76106,12/31/9999,2300 FRANKLIN DRIVE FORT WORTH TX 76106,32.82593,-97.32269,0
372,676,703 EDGEWOOD RD,WILKESBORO,NC,28697,12/31/9999,703 EDGEWOOD RD WILKESBORO NC 28697,36.13435,-81.140275,0
373,678,1000 NORWALK AVE STE A/B,GREENSBORO,NC,27407,12/31/9999,1000 NORWALK AVE STE A/B GREENSBORO NC 27407,36.055174,-79.87181,0
374,679,3460 AIRPORT BLVD,WILSON,NC,27896,12/31/9999,3460 AIRPORT BLVD WILSON NC 27896,35.764874,-77.947871,0
375,680,3301-E WOODPARK BLVD,CHARLOTTE,NC,28206,12/31/9999,3301-E WOODPARK BLVD CHARLOTTE NC 28206,35.270581,-80.824485,0
376,681,1235 WICKER DR.,RALEIGH,NC,27604,12/31/9999,1235 WICKER DR. RALEIGH NC 27604,35.809912,-78.61871,0
377,682,918 KATHERINE AVE,KNOXVILLE,TN,37921,12/31/9999,918 KATHERINE AVE KNOXVILLE TN 37921,35.987856,-83.951873,0
378,683,394-B N. GREEN MEADOWS DRIVE,WILMINGTON,NC,28405,12/31/9999,394-B N. GREEN MEADOWS DRIVE WILMINGTON NC 28405,34.25981,-77.847929,0
379,686,1915 S MAIN ST.,SALISBURY,NC,28144,12/31/9999,1915 S MAIN ST. SALISBURY NC 28144,35.652081,-80.498058,0
380,687,21 MCARTHUR LANE,ASHEVILLE,NC,28803,12/31/9999,21 MCARTHUR LANE ASHEVILLE NC 28803,35.572669,-82.524768,0
381,688,501 W. MAIN AVENUE,GASTONIA,NC,28052,12/31/9999,501 W. MAIN AVENUE GASTONIA NC 28052,35.263682,-81.190021,0
382,690,101 PATRICK COURT,ROCKY MOUNT,NC,27804,12/31/9999,101 PATRICK COURT ROCKY MOUNT NC 27804,35.965122,-77.835076,0
383,699,10460 SHADY TRAIL,DALLAS,TX,75220,12/31/9999,10460 SHADY TRAIL DALLAS TX 75220,32.865789,-96.890418,0
384,702,1420 N. MLK PARKWAY,BEAUMONT,TX,77701,12/31/9999,1420 N. MLK PARKWAY BEAUMONT TX 77701,30.073712,-94.109705,0
385,703,"4575 PROGRESS ROAD, SUITE D",NORFOLK,VA,23502,12/31/9999,"4575 PROGRESS ROAD, SUITE D NORFOLK VA 23502",36.865063,-76.232523,0
386,706,7007 FAIRGROUNDS PKWY,SAN ANTONIO,TX,78238,12/31/9999,7007 FAIRGROUNDS PKWY SAN ANTONIO TX 78238,29.458302,-98.618302,0
387,707,523 URBAN LOOP,SAN ANTONIO,TX,78204,12/31/9999,523 URBAN LOOP SAN ANTONIO TX 78204,29.421713,-98.500265,0
388,709,117 VISTA CENTRE DR,FOREST,VA,24551,12/31/9999,117 VISTA CENTRE DR FOREST VA 24551,37.308775,-79.265164,0
389,710,3192 N SHADELAND AVE,INDIANAPOLIS,IN,46226,12/31/9999,3192 N SHADELAND AVE INDIANAPOLIS IN 46226,39.815714,-86.045829,0
390,711,2110 TOMLYNN ST,RICHMOND,VA,23230,12/31/9999,2110 TOMLYNN ST RICHMOND VA 23230,37.579196,-77.47993,0
391,712,517 E CEDAR BLDG A,MCALLEN,TX,78501,12/31/9999,517 E CEDAR BLDG A MCALLEN TX 78501,26.202828,-98.208562,0
392,713,916 WEST STREET,CHARLOTTESVILLE,VA,22903,12/31/9999,916 WEST STREET CHARLOTTESVILLE VA 22903,38.036641,-78.490109,0
393,715,405 DELLWOOD,BRYAN,TX,77801,12/31/9999,405 DELLWOOD BRYAN TX 77801,30.642573,-96.356722,0
394,716,11501 HULLOW VILLAGE LOOP,MIDLOTHIAN,VA,23112,12/31/9999,11501 HULLOW VILLAGE LOOP MIDLOTHIAN VA 23112,37.460209,-77.664819,0
395,721,3907 PRESCOTT ROAD,ALEXANDRIA,LA,71301,12/31/9999,3907 PRESCOTT ROAD ALEXANDRIA LA 71301,31.276882,-92.468758,0
396,725,451 ARTESIAN PLAZA DRIVE,HUMBLE,TX,77338,12/31/9999,451 ARTESIAN PLAZA DRIVE HUMBLE TX 77338,30.00008,-95.253237,0
397,727,3500 EAST PARKWAY STREET,GROVES,TX,77619,12/31/9999,3500 EAST PARKWAY STREET GROVES TX 77619,29.941262,-93.915691,0
398,728,807 W. PRICE ROAD,BROWNSVILLE,TX,78520,12/31/9999,807 W. PRICE ROAD BROWNSVILLE TX 78520,25.937507,-97.509803,0
399,730,11850 HEMPSTEAD HWY. SUITE 210,HOUSTON,TX,77092,12/31/9999,11850 HEMPSTEAD HWY. SUITE 210 HOUSTON TX 77092,29.821403,-95.487569,0
400,734,2822 EAST BUSTAMANTE STREET,LAREDO,TX,78041,12/31/9999,2822 EAST BUSTAMANTE STREET LAREDO TX 78041,27.534355,-99.474367,0
401,735,451 ARTESIAN PLAZA DR.,HUMBLE,TX,77338,12/31/9999,451 ARTESIAN PLAZA DR. HUMBLE TX 77338,30.00008,-95.253237,0
402,736,1405 SANDRA STREET,MORGAN CITY,LA,70380,12/31/9999,1405 SANDRA STREET MORGAN CITY LA 70380,29.695814,-91.190564,0
403,737,1231 PRICE PLAZA DR.,KATY,TX,77449,12/31/9999,1231 PRICE PLAZA DR. KATY TX 77449,29.310126,-96.079169,0
404,739,325 SOUTH VAN AVENUE,HOUMA,LA,70363,12/31/9999,325 SOUTH VAN AVENUE HOUMA LA 70363,29.583154,-90.705227,0
405,745,13903 MUSCATINE STREET,HOUSTON,TX,77015,12/31/9999,13903 MUSCATINE STREET HOUSTON TX 77015,29.772528,-95.177853,0
406,751,14900 HEMPSTEAD WAY,HOUSTON,TX,77040,12/31/9999,14900 HEMPSTEAD WAY HOUSTON TX 77040,29.866657,-95.55125,0
407,752,149 EASY STREET,LAFAYETTE,LA,70506,12/31/9999,149 EASY STREET LAFAYETTE LA 70506,30.220784,-92.061788,0
408,753,2642 MEEKER DRIVE,BATON ROUGE,LA,70814,12/31/9999,2642 MEEKER DRIVE BATON ROUGE LA 70814,30.473091,-91.077727,0
409,754,14610 BREAKERS DR,JACKSONVILLE,FL,32258,12/31/9999,14610 BREAKERS DR JACKSONVILLE FL 32258,30.156591,-81.560415,0
410,755,217 44TH STREET,CORPUS CHRISTI,TX,78417,12/31/9999,217 44TH STREET CORPUS CHRISTI TX 78417,27.783794,-97.442246,0
411,757,902 WEST JACKSON,HARLINGEN,TX,78550,12/31/9999,902 WEST JACKSON HARLINGEN TX 78550,26.192815,-97.704428,0
412,758,3104 COMMON ST.,LAKE CHARLES,LA,70601,12/31/9999,3104 COMMON ST. LAKE CHARLES LA 70601,30.201132,-93.2141,0
413,760,1235 HIGHWAY 1 NORTH,GREENVILLE,MS,38703,12/31/9999,1235 HIGHWAY 1 NORTH GREENVILLE MS 38703,33.424482,-91.038666,0
414,762,412 LIBERTY ROAD,NATCHEZ,MS,39120,12/31/9999,412 LIBERTY ROAD NATCHEZ MS 39120,31.543687,-91.365825,0
415,799,14900 HEMPSTEAD WAY,HOUSTON,TX,77040,12/31/9999,14900 HEMPSTEAD WAY HOUSTON TX 77040,29.866657,-95.55125,0
416,800,250 BALLARDVALE STREET,WILMINGTON,MA,1887,12/31/9999,250 BALLARDVALE STREET WILMINGTON MA 01887,42.583912,-71.157738,0
417,801,250 BALLARDVALE STREET,WILMINGTON,MA,1887,12/31/9999,250 BALLARDVALE STREET WILMINGTON MA 01887,42.583912,-71.157738,0
418,802,78 RIVER ROAD,BRAINTREE,MA,2184,12/31/9999,78 RIVER ROAD BRAINTREE MA 02184,42.220105,-70.999607,0
419,803,111B PINETREE IND. PKWY,PORTLAND,ME,4103,12/31/9999,111B PINETREE IND. PKWY PORTLAND ME 04103,43.668416,-70.327777,0
420,804,68 CAREY CIRCLE,HAMPDEN,ME,4444,12/31/9999,68 CAREY CIRCLE HAMPDEN ME 04444,44.968461,-68.637344,0
421,805,203 CONCORD ST - SUITE 431,PAWTUCKET,RI,2861,12/31/9999,203 CONCORD ST - SUITE 431 PAWTUCKET RI 02861,41.487552,-71.144568,0
422,806,155 NORTHBORO ROAD,SOUTHBOROUGH,MA,1772,12/31/9999,155 NORTHBORO ROAD SOUTHBOROUGH MA 01772,42.31522,-71.57738,0
423,807,19 WAREHOUSE ROW,ALBANY,NY,12205,12/31/9999,19 WAREHOUSE ROW ALBANY NY 12205,42.701723,-73.825277,0
424,809,10 LIBERTY DRIVE,LONDONDERRY,NH,3053,12/31/9999,10 LIBERTY DRIVE LONDONDERRY NH 03053,42.914964,-71.36481,0
425,810,4 ARMAND LANE,WILLISTON,VT,5495,12/31/9999,4 ARMAND LANE WILLISTON VT 05495,44.450167,-73.130124,0
426,811,599 COMMERCE DRIVE,FALL RIVER,MA,2721,12/31/9999,599 COMMERCE DRIVE FALL RIVER MA 02721,41.792859,-71.325147,0
427,812,2 NORTHROP IND. PK. RD. W.,WALLINGFORD,CT,6492,12/31/9999,2 NORTHROP IND. PK. RD. W. WALLINGFORD CT 06492,41.482019,-72.772471,0
428,814,250 BALLARDVALE STREET,WILMINGTON,MA,1887,12/31/9999,250 BALLARDVALE STREET WILMINGTON MA 01887,42.583912,-71.157738,0
429,815,57 HICKS AVENUE,MEDFORD,MA,2155,12/31/9999,57 HICKS AVENUE MEDFORD MA 02155,42.401352,-71.102646,0
430,816,6100 MAUTZ ROAD,SYRACUSE,NY,13206,12/31/9999,6100 MAUTZ ROAD SYRACUSE NY 13206,43.088632,-76.099813,0
431,817,155 NORTHBORO RAOD,SOUTHBOROUGH,MA,1772,12/31/9999,155 NORTHBORO RAOD SOUTHBOROUGH MA 01772,42.31522,-71.57738,0
432,818,RARITAN CENTER,EDISON,NJ,8837,12/31/9999,RARITAN CENTER EDISON NJ 08837,40.520886,-74.339084,0
433,819,10 LIBERTY DRIVE,LONDONDERRY,NH,3053,12/31/9999,10 LIBERTY DRIVE LONDONDERRY NH 03053,42.914964,-71.36481,0
434,865,"3203 LONGHORN BLVD, STE. 102",AUSTIN,TX,78758,12/31/9999,"3203 LONGHORN BLVD, STE. 102 AUSTIN TX 78758",30.382697,-97.730353,0
435,867,831 HIGHWAY 146,TEXAS CITY,TX,77590,12/31/9999,831 HIGHWAY 146 TEXAS CITY TX 77590,29.391348,-94.951162,0
436,875,1117 AVENUE G,ROSENBERG,TX,77471,12/31/9999,1117 AVENUE G ROSENBERG TX 77471,29.559114,-95.816306,0
437,876,2200 I-35 SOUTH,SAN MARCOS,TX,78666,12/31/9999,2200 I-35 SOUTH SAN MARCOS TX 78666,29.911452,-97.898501,0
438,880,4104 ALLENBROOK,BAYTOWN,TX,77521,12/31/9999,4104 ALLENBROOK BAYTOWN TX 77521,29.766919,-94.971729,0
439,884,214 NEWPORT BLVD.,LEAGUE CITY,TX,77573,12/31/9999,214 NEWPORT BLVD. LEAGUE CITY TX 77573,29.500246,-95.118932,0
440,887,3151 S. TREADAWAY BLVD.,ABILENE,TX,79602,12/31/9999,3151 S. TREADAWAY BLVD. ABILENE TX 79602,32.412498,-99.742331,0
441,889,6035 WEST 45TH ST. SUITE D,LUBBOCK,TX,79407,12/31/9999,6035 WEST 45TH ST. SUITE D LUBBOCK TX 79407,33.553327,-101.945502,0
442,891,2020 MLK BLVD.,SAN ANGELO,TX,76903,12/31/9999,2020 MLK BLVD. SAN ANGELO TX 76903,31.484819,-100.43787,0
443,895,3200 WILCREST DRIVE,HOUSTON,TX,77042,12/31/9999,3200 WILCREST DRIVE HOUSTON TX 77042,29.729019,-95.57173,0
444,896,2931 ATKINSON AVENUE,KILLEEN,TX,76543,12/31/9999,2931 ATKINSON AVENUE KILLEEN TX 76543,31.114155,-97.700994,0
445,897,3200 WILCREST DRIVE,HOUSTON,TX,77042,12/31/9999,3200 WILCREST DRIVE HOUSTON TX 77042,29.729019,-95.57173,0
446,898,3200 WILCREST DR.,HOUSTON,TX,77042,12/31/9999,3200 WILCREST DR. HOUSTON TX 77042,29.729019,-95.57173,0
447,899,149 EASY STREET,LAFAYETTE,LA,70506,12/31/9999,149 EASY STREET LAFAYETTE LA 70506,30.220784,-92.061788,0
448,900,RESERVED FOR TSS,BALDWIN PARK,CA,91706,12/31/9999,RESERVED FOR TSS BALDWIN PARK CA 91706,34.111969,-117.935514,0
449,901,666 E.H. CRUMP BLVD.,MEMPHIS,TN,38126,12/31/9999,666 E.H. CRUMP BLVD. MEMPHIS TN 38126,35.12487,-90.039003,0
450,902,1520 EAST 4TH STREET,LITTLE ROCK,AR,72202,12/31/9999,1520 EAST 4TH STREET LITTLE ROCK AR 72202,34.744167,-92.253552,0
451,903,1450 POPLAR LANE,NASHVILLE,TN,37210,12/31/9999,1450 POPLAR LANE NASHVILLE TN 37210,36.141256,-86.72565,0
452,904,3744 AIR PARK (EAST),MEMPHIS,TN,38118,12/31/9999,3744 AIR PARK (EAST) MEMPHIS TN 38118,35.050838,-89.931367,0
453,905,120 W. RANKIN STREET,JACKSON,MS,39201,12/31/9999,120 W. RANKIN STREET JACKSON MS 39201,32.286377,-90.189059,0
454,906,5103 WHEELER AVE.,FORT SMITH,AR,72901,12/31/9999,5103 WHEELER AVE. FORT SMITH AR 72901,35.335518,-94.427176,0
455,907,1899 THOMAS RD. (NORTH),MEMPHIS,TN,38134,12/31/9999,1899 THOMAS RD. (NORTH) MEMPHIS TN 38134,35.177322,-89.887623,0
456,908,2800 BOB WALLACE AVE. SW,HUNTSVILLE,AL,35805,12/31/9999,2800 BOB WALLACE AVE. SW HUNTSVILLE AL 35805,34.711323,-86.603056,0
457,909,2084 NEW ASHLAND CITY RD.,CLARKSVILLE,TN,37043,12/31/9999,2084 NEW ASHLAND CITY RD. CLARKSVILLE TN 37043,36.513182,-87.313447,0
458,910,4001 LAKE FRONT CT.,EARTH CITY,MO,63045,12/31/9999,4001 LAKE FRONT CT. EARTH CITY MO 63045,38.765959,-90.466729,0
459,911,2156 E. CHESTNUT EXP,SPRINGFIELD,MO,65802,12/31/9999,2156 E. CHESTNUT EXP SPRINGFIELD MO 65802,37.210958,-93.254017,0
460,912,920 PARK AVE.,MURFREESBORO,TN,37129,12/31/9999,920 PARK AVE. MURFREESBORO TN 37129,35.837222,-86.396792,0
461,913,121 WEST COUNTY LINE RD.,SPRINGDALE,AR,72764,12/31/9999,121 WEST COUNTY LINE RD. SPRINGDALE AR 72764,36.210316,-94.130558,0
462,914,265 WOODRUFF STREET,JACKSON,TN,38301,12/31/9999,265 WOODRUFF STREET JACKSON TN 38301,35.613751,-88.830937,0
463,915,4137 PARKWAY DR.,FLORENCE,AL,35630,12/31/9999,4137 PARKWAY DR. FLORENCE AL 35630,34.863271,-87.656393,0
464,917,620 CHESTERHACK DRIVE,PADUCAH,KY,42003,12/31/9999,620 CHESTERHACK DRIVE PADUCAH KY 42003,37.06511,-88.605407,0
465,918,5210 STADIUM BLVD.,JONESBORO,AR,72404,12/31/9999,5210 STADIUM BLVD. JONESBORO AR 72404,35.749549,-90.692245,0
466,919,1521 E. 9TH STREET,HOPKINSVILLE,KY,42240,12/31/9999,1521 E. 9TH STREET HOPKINSVILLE KY 42240,36.8546,-87.476333,0
467,920,1519 N. MAIN STREET,HATTIESBURG,MS,39401,12/31/9999,1519 N. MAIN STREET HATTIESBURG MS 39401,31.339754,-89.301801,0
468,921,103 N SHILOH DR,MOUNT VERNON,IL,62864,12/31/9999,103 N SHILOH DR MOUNT VERNON IL 62864,38.310689,-88.968872,0
469,922,1846 INTERNATIONAL DRIVE,TUPELO,MS,38804,12/31/9999,1846 INTERNATIONAL DRIVE TUPELO MS 38804,34.226881,-88.699325,0
470,923,3430 CONSTITUTION DRIVE,SPRINGFIELD,IL,62711,12/31/9999,3430 CONSTITUTION DRIVE SPRINGFIELD IL 62711,39.750574,-89.716577,0
471,924,BAKER DISTRIBUTING COMPANY,HOUSTON,TX,77009,12/31/9999,BAKER DISTRIBUTING COMPANY HOUSTON TX 77009,29.821057,-95.40499,0
472,950,16253 ORNELAS ST,BALDWIN PARK,CA,91706,12/31/9999,16253 ORNELAS ST BALDWIN PARK CA 91706,34.111056,-117.932241,0
473,951,3955 W. SUNSET BLVD.,LAS VEGAS,NV,89118,12/31/9999,3955 W. SUNSET BLVD. LAS VEGAS NV 89118,36.071659,-115.193894,0
474,960,14610 BREAKERS DR.,JACKSONVILLE,FL,32258,12/31/9999,14610 BREAKERS DR. JACKSONVILLE FL 32258,30.156591,-81.560415,0
475,961,9705 SOUTH 600 WEST,SANDY,UT,84070,12/31/9999,9705 SOUTH 600 WEST SANDY UT 84070,40.576102,-111.908697,0
476,962,9705 SOUTH 600 WEST,SANDY,UT,84070,12/31/9999,9705 SOUTH 600 WEST SANDY UT 84070,40.576102,-111.908697,0
477,964,2774 INDUSTRIAL DR,OGDEN,UT,84401,12/31/9999,2774 INDUSTRIAL DR OGDEN UT 84401,41.21591,-112.01408,0
478,965,464 SOUTH COMMERCE RD,OREM,UT,84058,12/31/9999,464 SOUTH COMMERCE RD OREM UT 84058,40.288582,-111.729242,0
479,966,918 W 700 N STE 104,LOGAN,UT,84321,12/31/9999,918 W 700 N STE 104 LOGAN UT 84321,41.718821,-111.848785,0
480,967,296 NORTH INDUSTRIAL RD,SAINT GEORGE,UT,84770,12/31/9999,296 NORTH INDUSTRIAL RD SAINT GEORGE UT 84770,37.112106,-113.56049,0
481,971,2215 W. LONE CACTUS,PHOENIX,AZ,85027,12/31/9999,2215 W. LONE CACTUS PHOENIX AZ 85027,33.680075,-112.1068,0
482,972,2250 W. BROADWAY RD. STE 109,MESA,AZ,85202,12/31/9999,2250 W. BROADWAY RD. STE 109 MESA AZ 85202,33.407648,-111.877875,0
483,973,526 E. 16TH STREET,TUCSON,AZ,85701,12/31/9999,526 E. 16TH STREET TUCSON AZ 85701,32.214607,-110.962125,0
484,978,5449 E. LAMONA AVE.,FRESNO,CA,93727,12/31/9999,5449 E. LAMONA AVE. FRESNO CA 93727,36.760754,-119.706684,0
485,979,149 UNION AVENUE,BAKERSFIELD,CA,93307,12/31/9999,149 UNION AVENUE BAKERSFIELD CA 93307,35.357094,-119.002907,0
486,981,16253 ORNELAS ST.,BALDWIN PARK,CA,91706,12/31/9999,16253 ORNELAS ST. BALDWIN PARK CA 91706,34.111056,-117.932241,0
487,982,1261 W 9TH STREET,UPLAND,CA,91786,12/31/9999,1261 W 9TH STREET UPLAND CA 91786,34.096097,-117.671569,0
488,983,9610 DESOTO AVENUE,CHATSWORTH,CA,91311,12/31/9999,9610 DESOTO AVENUE CHATSWORTH CA 91311,34.24494,-118.588471,0
489,984,26008 BUSINESS CENTER DR,REDLANDS,CA,92374,12/31/9999,26008 BUSINESS CENTER DR REDLANDS CA 92374,34.065265,-117.237658,0
490,985,3020 S. KILSON DR.,SANTA ANA,CA,92707,12/31/9999,3020 S. KILSON DR. SANTA ANA CA 92707,33.72238,-117.86153,0
491,986,899 INDUSTRY WAY,EL CENTRO,CA,92243,12/31/9999,899 INDUSTRY WAY EL CENTRO CA 92243,32.781517,-115.527787,0
492,987,11636 TUXFORD ST,SUN VALLEY,CA,91352,12/31/9999,11636 TUXFORD ST SUN VALLEY CA 91352,34.224186,-118.385594,0
493,988,CLOSED LOCATION,RIVERSIDE,CA,92507,12/31/9999,CLOSED LOCATION RIVERSIDE CA 92507,33.947715,-117.328502,0
494,998,14610 BREAKERS DRIVE,JACKSONVILLE,FL,32258,12/31/9999,14610 BREAKERS DRIVE JACKSONVILLE FL 32258,30.156591,-81.560415,0
495,999,BAKER WRITE-OFF,JACKSONVILLE,FL,32258,12/31/9999,BAKER WRITE-OFF JACKSONVILLE FL 32258,30.334207,-81.690339,0
